parnme,partrans,parchglim,parval1,parlbnd,parubnd,pargp,scale,offset,dercom
global_s,none,factor,0.12,0.05,0.2,global_s,1.0,0.0,1
global_t,log,factor,1700.0,600.0,60000.0,global_t,1.0,0.0,1
well_1013__stream_apportionment11,none,relative,0.0013,0.0,0.1013,apportionment,1.0,0.0,1
well_1302__stream_apportionment12,none,relative,0.0275,0.0,0.1275,apportionment,1.0,0.0,1
well_1323__stream_apportionment13,none,factor,0.2554,0.1554,0.35540000000000005,apportionment,1.0,0.0,1
well_1486__stream_apportionment14,none,factor,0.6416,0.5416,0.7415999999999999,apportionment,1.0,0.0,1
well_1584__stream_apportionment15,none,factor,0.9581,0.8581,1.0,apportionment,1.0,0.0,1
well_1589__stream_apportionment16,none,relative,0.0936,0.0,0.1936,apportionment,1.0,0.0,1
well_1643__stream_apportionment17,none,relative,0.0959,0.0,0.19590000000000002,apportionment,1.0,0.0,1
well_1683__stream_apportionment18,none,relative,0.091,0.0,0.191,apportionment,1.0,0.0,1
well_1860__stream_apportionment19,none,factor,0.1224,0.02239999999999999,0.2224,apportionment,1.0,0.0,1
well_23610__stream_apportionment26,none,factor,0.6052,0.5052,0.7051999999999999,apportionment,1.0,0.0,1
well_23611__stream_apportionment27,none,factor,0.5394,0.4394,0.6394,apportionment,1.0,0.0,1
well_23618__stream_apportionment28,none,factor,0.594,0.494,0.694,apportionment,1.0,0.0,1
well_23620__stream_apportionment29,none,relative,0.0114,0.0,0.1114,apportionment,1.0,0.0,1
well_23627__stream_apportionment30,none,factor,0.996,0.896,1.0,apportionment,1.0,0.0,1
well_23629__stream_apportionment31,none,factor,0.1288,0.028799999999999992,0.2288,apportionment,1.0,0.0,1
well_23630__stream_apportionment32,none,factor,0.1619,0.06189999999999998,0.2619,apportionment,1.0,0.0,1
well_23631__stream_apportionment33,none,factor,0.1852,0.0852,0.2852,apportionment,1.0,0.0,1
well_23635__stream_apportionment34,none,relative,0.0306,0.0,0.1306,apportionment,1.0,0.0,1
well_23637__stream_apportionment35,none,relative,0.0186,0.0,0.11860000000000001,apportionment,1.0,0.0,1
well_23638__stream_apportionment36,none,factor,0.8466,0.7466,0.9466,apportionment,1.0,0.0,1
well_23639__stream_apportionment37,none,factor,0.3237,0.22369999999999998,0.42369999999999997,apportionment,1.0,0.0,1
well_23645__stream_apportionment38,none,factor,0.9442,0.8442000000000001,1.0,apportionment,1.0,0.0,1
well_23646__stream_apportionment39,none,factor,0.813,0.713,0.9129999999999999,apportionment,1.0,0.0,1
well_23648__stream_apportionment40,none,relative,0.0292,0.0,0.1292,apportionment,1.0,0.0,1
well_23653__stream_apportionment41,none,factor,0.9911,0.8911,1.0,apportionment,1.0,0.0,1
well_23695__stream_apportionment42,none,factor,0.1556,0.05559999999999998,0.2556,apportionment,1.0,0.0,1
well_23697__stream_apportionment43,none,relative,0.0204,0.0,0.12040000000000001,apportionment,1.0,0.0,1
well_23698__stream_apportionment44,none,relative,0.0243,0.0,0.12430000000000001,apportionment,1.0,0.0,1
well_23699__stream_apportionment45,none,relative,0.0204,0.0,0.12040000000000001,apportionment,1.0,0.0,1
well_23700__stream_apportionment46,none,relative,0.0356,0.0,0.1356,apportionment,1.0,0.0,1
well_23709__stream_apportionment47,none,factor,0.1329,0.032899999999999985,0.2329,apportionment,1.0,0.0,1
well_23710__stream_apportionment48,none,relative,0.0269,0.0,0.1269,apportionment,1.0,0.0,1
well_23715__stream_apportionment49,none,relative,0.0859,0.0,0.1859,apportionment,1.0,0.0,1
well_23716__stream_apportionment50,none,relative,0.0675,0.0,0.1675,apportionment,1.0,0.0,1
well_23720__stream_apportionment51,none,factor,0.2836,0.1836,0.38360000000000005,apportionment,1.0,0.0,1
well_23721__stream_apportionment52,none,factor,0.2777,0.1777,0.37770000000000004,apportionment,1.0,0.0,1
well_23722__stream_apportionment53,none,factor,0.6135,0.5135000000000001,0.7135,apportionment,1.0,0.0,1
well_23723__stream_apportionment54,none,relative,0.0656,0.0,0.16560000000000002,apportionment,1.0,0.0,1
well_23726__stream_apportionment55,none,relative,0.0897,0.0,0.1897,apportionment,1.0,0.0,1
well_23727__stream_apportionment56,none,factor,0.1253,0.02529999999999999,0.2253,apportionment,1.0,0.0,1
well_23728__stream_apportionment57,none,relative,0.072,0.0,0.172,apportionment,1.0,0.0,1
well_23729__stream_apportionment58,none,factor,0.1326,0.03259999999999999,0.2326,apportionment,1.0,0.0,1
well_23751__stream_apportionment59,none,relative,0.0803,0.0,0.18030000000000002,apportionment,1.0,0.0,1
well_23752__stream_apportionment60,none,factor,0.8536,0.7536,0.9536,apportionment,1.0,0.0,1
well_23753__stream_apportionment61,none,factor,0.6221,0.5221,0.7221,apportionment,1.0,0.0,1
well_23754__stream_apportionment62,none,relative,0.0363,0.0,0.1363,apportionment,1.0,0.0,1
well_23755__stream_apportionment63,none,factor,0.9815,0.8815000000000001,1.0,apportionment,1.0,0.0,1
well_23756__stream_apportionment64,none,relative,0.059,0.0,0.159,apportionment,1.0,0.0,1
well_23757__stream_apportionment65,none,relative,0.0209,0.0,0.12090000000000001,apportionment,1.0,0.0,1
well_23758__stream_apportionment66,none,relative,0.0379,0.0,0.13790000000000002,apportionment,1.0,0.0,1
well_23770__stream_apportionment67,none,factor,0.9489,0.8489,1.0,apportionment,1.0,0.0,1
well_23776__stream_apportionment68,none,relative,0.0952,0.0,0.1952,apportionment,1.0,0.0,1
well_23778__stream_apportionment69,none,factor,0.1305,0.0305,0.2305,apportionment,1.0,0.0,1
well_23781__stream_apportionment70,none,factor,0.7044,0.6044,0.8044,apportionment,1.0,0.0,1
well_23790__stream_apportionment71,none,relative,0.0156,0.0,0.11560000000000001,apportionment,1.0,0.0,1
well_23791__stream_apportionment72,none,relative,0.0206,0.0,0.12060000000000001,apportionment,1.0,0.0,1
well_23794__stream_apportionment73,none,factor,0.7903,0.6903,0.8903,apportionment,1.0,0.0,1
well_23795__stream_apportionment74,none,factor,0.1361,0.03609999999999999,0.2361,apportionment,1.0,0.0,1
well_23798__stream_apportionment75,none,factor,0.3916,0.29159999999999997,0.49160000000000004,apportionment,1.0,0.0,1
well_23800__stream_apportionment76,none,factor,0.7564,0.6564,0.8563999999999999,apportionment,1.0,0.0,1
well_23807__stream_apportionment77,none,relative,0.0561,0.0,0.15610000000000002,apportionment,1.0,0.0,1
well_23816__stream_apportionment78,none,factor,0.9538,0.8538,1.0,apportionment,1.0,0.0,1
well_23818__stream_apportionment79,none,relative,0.015,0.0,0.115,apportionment,1.0,0.0,1
well_23820__stream_apportionment80,none,relative,0.0847,0.0,0.1847,apportionment,1.0,0.0,1
well_23823__stream_apportionment81,none,relative,0.0157,0.0,0.1157,apportionment,1.0,0.0,1
well_23836__stream_apportionment82,none,factor,0.9589,0.8589,1.0,apportionment,1.0,0.0,1
well_23837__stream_apportionment83,none,factor,0.825,0.725,0.9249999999999999,apportionment,1.0,0.0,1
well_23846__stream_apportionment84,none,factor,0.1148,0.014799999999999994,0.2148,apportionment,1.0,0.0,1
well_23847__stream_apportionment85,none,factor,0.578,0.478,0.6779999999999999,apportionment,1.0,0.0,1
well_23848__stream_apportionment86,none,factor,0.5052,0.4052,0.6052,apportionment,1.0,0.0,1
well_23851__stream_apportionment87,none,factor,0.6419,0.5419,0.7419,apportionment,1.0,0.0,1
well_23864__stream_apportionment88,none,factor,0.1723,0.0723,0.2723,apportionment,1.0,0.0,1
well_23865__stream_apportionment89,none,factor,0.1432,0.04319999999999999,0.2432,apportionment,1.0,0.0,1
well_23866__stream_apportionment90,none,relative,0.0839,0.0,0.1839,apportionment,1.0,0.0,1
well_23867__stream_apportionment91,none,relative,0.0173,0.0,0.1173,apportionment,1.0,0.0,1
well_23868__stream_apportionment92,none,relative,0.0096,0.0,0.1096,apportionment,1.0,0.0,1
well_23869__stream_apportionment93,none,relative,0.0275,0.0,0.1275,apportionment,1.0,0.0,1
well_23870__stream_apportionment94,none,relative,0.0281,0.0,0.1281,apportionment,1.0,0.0,1
well_23876__stream_apportionment95,none,factor,0.957,0.857,1.0,apportionment,1.0,0.0,1
well_23881__stream_apportionment96,none,factor,0.4588,0.3588,0.5588,apportionment,1.0,0.0,1
well_23883__stream_apportionment97,none,relative,0.0369,0.0,0.13690000000000002,apportionment,1.0,0.0,1
well_23886__stream_apportionment98,none,relative,0.0444,0.0,0.1444,apportionment,1.0,0.0,1
well_23888__stream_apportionment99,none,factor,0.7608,0.6608,0.8608,apportionment,1.0,0.0,1
well_23889__stream_apportionment100,none,factor,0.7371,0.6371,0.8371,apportionment,1.0,0.0,1
well_23890__stream_apportionment101,none,relative,0.0542,0.0,0.1542,apportionment,1.0,0.0,1
well_23895__stream_apportionment102,none,factor,0.1401,0.0401,0.2401,apportionment,1.0,0.0,1
well_23898__stream_apportionment103,none,relative,0.0116,0.0,0.1116,apportionment,1.0,0.0,1
well_23908__stream_apportionment104,none,factor,0.3927,0.29269999999999996,0.4927,apportionment,1.0,0.0,1
well_23909__stream_apportionment105,none,factor,0.5584,0.45840000000000003,0.6584,apportionment,1.0,0.0,1
well_23910__stream_apportionment106,none,relative,0.0159,0.0,0.1159,apportionment,1.0,0.0,1
well_23913__stream_apportionment107,none,relative,0.0061,0.0,0.1061,apportionment,1.0,0.0,1
well_23915__stream_apportionment108,none,relative,0.0222,0.0,0.1222,apportionment,1.0,0.0,1
well_23919__stream_apportionment109,none,factor,0.8116,0.7116,0.9116,apportionment,1.0,0.0,1
well_23926__stream_apportionment110,none,relative,0.0452,0.0,0.1452,apportionment,1.0,0.0,1
well_23928__stream_apportionment111,none,factor,0.4229,0.32289999999999996,0.5229,apportionment,1.0,0.0,1
well_23929__stream_apportionment112,none,factor,0.8968,0.7968000000000001,0.9968,apportionment,1.0,0.0,1
well_23930__stream_apportionment113,none,factor,0.5494,0.4494,0.6494,apportionment,1.0,0.0,1
well_23934__stream_apportionment114,none,factor,0.9928,0.8928,1.0,apportionment,1.0,0.0,1
well_23936__stream_apportionment115,none,factor,0.7501,0.6501,0.8501,apportionment,1.0,0.0,1
well_23937__stream_apportionment116,none,factor,0.5287,0.42869999999999997,0.6286999999999999,apportionment,1.0,0.0,1
well_23939__stream_apportionment117,none,factor,0.8864,0.7864,0.9863999999999999,apportionment,1.0,0.0,1
well_23942__stream_apportionment118,none,relative,0.0444,0.0,0.1444,apportionment,1.0,0.0,1
well_23944__stream_apportionment119,none,relative,0.0958,0.0,0.1958,apportionment,1.0,0.0,1
well_23948__stream_apportionment120,none,factor,0.341,0.24100000000000002,0.44100000000000006,apportionment,1.0,0.0,1
well_23956__stream_apportionment121,none,factor,0.2138,0.11379999999999998,0.31379999999999997,apportionment,1.0,0.0,1
well_23961__stream_apportionment122,none,relative,0.0028,0.0,0.1028,apportionment,1.0,0.0,1
well_23962__stream_apportionment123,none,factor,0.1476,0.0476,0.24760000000000001,apportionment,1.0,0.0,1
well_23963__stream_apportionment124,none,relative,0.0488,0.0,0.14880000000000002,apportionment,1.0,0.0,1
well_23966__stream_apportionment125,none,relative,0.0381,0.0,0.1381,apportionment,1.0,0.0,1
well_23967__stream_apportionment126,none,factor,0.3685,0.26849999999999996,0.4685,apportionment,1.0,0.0,1
well_23972__stream_apportionment127,none,relative,0.0426,0.0,0.1426,apportionment,1.0,0.0,1
well_23977__stream_apportionment128,none,factor,0.5259,0.42590000000000006,0.6259,apportionment,1.0,0.0,1
well_23978__stream_apportionment129,none,relative,0.0295,0.0,0.1295,apportionment,1.0,0.0,1
well_23979__stream_apportionment130,none,relative,0.0363,0.0,0.1363,apportionment,1.0,0.0,1
well_23980__stream_apportionment131,none,relative,0.0556,0.0,0.15560000000000002,apportionment,1.0,0.0,1
well_23981__stream_apportionment132,none,factor,0.7511,0.6511,0.8511,apportionment,1.0,0.0,1
well_23983__stream_apportionment133,none,factor,0.1076,0.007599999999999996,0.2076,apportionment,1.0,0.0,1
well_23984__stream_apportionment134,none,factor,0.2378,0.1378,0.3378,apportionment,1.0,0.0,1
well_23985__stream_apportionment135,none,factor,0.5827,0.4827,0.6827,apportionment,1.0,0.0,1
well_23987__stream_apportionment136,none,factor,0.1299,0.029899999999999982,0.2299,apportionment,1.0,0.0,1
well_23998__stream_apportionment137,none,relative,0.0111,0.0,0.1111,apportionment,1.0,0.0,1
well_24003__stream_apportionment138,none,factor,0.1987,0.09869999999999998,0.29869999999999997,apportionment,1.0,0.0,1
well_24005__stream_apportionment139,none,factor,0.3195,0.2195,0.4195,apportionment,1.0,0.0,1
well_24010__stream_apportionment140,none,factor,0.8453,0.7453000000000001,0.9453,apportionment,1.0,0.0,1
well_24011__stream_apportionment141,none,factor,0.8339,0.7339,0.9339,apportionment,1.0,0.0,1
well_24012__stream_apportionment142,none,relative,0.063,0.0,0.163,apportionment,1.0,0.0,1
well_24016__stream_apportionment143,none,relative,0.0047,0.0,0.1047,apportionment,1.0,0.0,1
well_24024__stream_apportionment144,none,relative,0.0316,0.0,0.1316,apportionment,1.0,0.0,1
well_24030__stream_apportionment145,none,factor,0.1427,0.04269999999999999,0.2427,apportionment,1.0,0.0,1
well_24033__stream_apportionment146,none,relative,0.0652,0.0,0.1652,apportionment,1.0,0.0,1
well_24036__stream_apportionment147,none,relative,0.0389,0.0,0.1389,apportionment,1.0,0.0,1
well_24037__stream_apportionment148,none,relative,0.0936,0.0,0.1936,apportionment,1.0,0.0,1
well_24042__stream_apportionment149,none,factor,0.1086,0.008599999999999997,0.2086,apportionment,1.0,0.0,1
well_24043__stream_apportionment150,none,relative,0.0133,0.0,0.11330000000000001,apportionment,1.0,0.0,1
well_24045__stream_apportionment151,none,factor,0.6563,0.5563,0.7563,apportionment,1.0,0.0,1
well_24047__stream_apportionment152,none,factor,0.3794,0.2794,0.47940000000000005,apportionment,1.0,0.0,1
well_24049__stream_apportionment153,none,factor,0.4496,0.3496,0.5496,apportionment,1.0,0.0,1
well_24059__stream_apportionment154,none,factor,0.1678,0.0678,0.26780000000000004,apportionment,1.0,0.0,1
well_24063__stream_apportionment155,none,factor,0.2636,0.1636,0.36360000000000003,apportionment,1.0,0.0,1
well_24066__stream_apportionment156,none,relative,0.0174,0.0,0.1174,apportionment,1.0,0.0,1
well_24080__stream_apportionment157,none,relative,0.0252,0.0,0.1252,apportionment,1.0,0.0,1
well_24091__stream_apportionment158,none,factor,0.1841,0.08410000000000001,0.2841,apportionment,1.0,0.0,1
well_24093__stream_apportionment159,none,factor,0.3927,0.29269999999999996,0.4927,apportionment,1.0,0.0,1
well_24110__stream_apportionment160,none,factor,0.2756,0.1756,0.37560000000000004,apportionment,1.0,0.0,1
well_24120__stream_apportionment161,none,relative,0.0277,0.0,0.1277,apportionment,1.0,0.0,1
well_24121__stream_apportionment162,none,factor,0.3061,0.20609999999999998,0.4061,apportionment,1.0,0.0,1
well_24125__stream_apportionment163,none,factor,0.6212,0.5212,0.7212,apportionment,1.0,0.0,1
well_24130__stream_apportionment164,none,relative,0.05,0.0,0.15000000000000002,apportionment,1.0,0.0,1
well_24135__stream_apportionment165,none,relative,0.0047,0.0,0.1047,apportionment,1.0,0.0,1
well_24137__stream_apportionment166,none,factor,0.6799,0.5799,0.7798999999999999,apportionment,1.0,0.0,1
well_24165__stream_apportionment167,none,factor,0.1591,0.059099999999999986,0.2591,apportionment,1.0,0.0,1
well_24166__stream_apportionment168,none,factor,0.125,0.024999999999999994,0.225,apportionment,1.0,0.0,1
well_24169__stream_apportionment169,none,relative,0.0394,0.0,0.1394,apportionment,1.0,0.0,1
well_24172__stream_apportionment170,none,factor,0.3301,0.2301,0.43010000000000004,apportionment,1.0,0.0,1
well_24195__stream_apportionment171,none,factor,0.1631,0.06309999999999999,0.2631,apportionment,1.0,0.0,1
well_24197__stream_apportionment172,none,factor,0.8237,0.7237,0.9237,apportionment,1.0,0.0,1
well_24203__stream_apportionment173,none,factor,0.8453,0.7453000000000001,0.9453,apportionment,1.0,0.0,1
well_24216__stream_apportionment174,none,relative,0.0128,0.0,0.11280000000000001,apportionment,1.0,0.0,1
well_24225__stream_apportionment175,none,factor,0.3787,0.27869999999999995,0.4787,apportionment,1.0,0.0,1
well_24226__stream_apportionment176,none,factor,0.5021,0.4021,0.6021,apportionment,1.0,0.0,1
well_24227__stream_apportionment177,none,factor,0.3443,0.2443,0.44430000000000003,apportionment,1.0,0.0,1
well_24239__stream_apportionment178,none,factor,0.9724,0.8724000000000001,1.0,apportionment,1.0,0.0,1
well_24240__stream_apportionment179,none,factor,0.2572,0.15719999999999998,0.35719999999999996,apportionment,1.0,0.0,1
well_24247__stream_apportionment180,none,relative,0.071,0.0,0.17099999999999999,apportionment,1.0,0.0,1
well_24249__stream_apportionment181,none,factor,0.1061,0.006099999999999994,0.2061,apportionment,1.0,0.0,1
well_24252__stream_apportionment182,none,factor,0.1067,0.006699999999999998,0.2067,apportionment,1.0,0.0,1
well_24253__stream_apportionment183,none,relative,0.0866,0.0,0.1866,apportionment,1.0,0.0,1
well_24256__stream_apportionment184,none,factor,0.1136,0.013600000000000001,0.2136,apportionment,1.0,0.0,1
well_24265__stream_apportionment185,none,factor,0.4425,0.3425,0.5425,apportionment,1.0,0.0,1
well_24266__stream_apportionment186,none,factor,0.2558,0.15580000000000002,0.3558,apportionment,1.0,0.0,1
well_24274__stream_apportionment187,none,factor,0.9315,0.8315,1.0,apportionment,1.0,0.0,1
well_24279__stream_apportionment188,none,factor,0.2597,0.15969999999999998,0.3597,apportionment,1.0,0.0,1
well_24283__stream_apportionment189,none,relative,0.0592,0.0,0.1592,apportionment,1.0,0.0,1
well_24285__stream_apportionment190,none,relative,0.0234,0.0,0.12340000000000001,apportionment,1.0,0.0,1
well_24286__stream_apportionment191,none,relative,0.0251,0.0,0.12510000000000002,apportionment,1.0,0.0,1
well_24291__stream_apportionment192,none,factor,0.5964,0.49640000000000006,0.6964,apportionment,1.0,0.0,1
well_24293__stream_apportionment193,none,factor,0.3144,0.2144,0.4144,apportionment,1.0,0.0,1
well_24294__stream_apportionment194,none,relative,0.0313,0.0,0.1313,apportionment,1.0,0.0,1
well_24302__stream_apportionment195,none,relative,0.0319,0.0,0.13190000000000002,apportionment,1.0,0.0,1
well_24305__stream_apportionment196,none,relative,0.0173,0.0,0.1173,apportionment,1.0,0.0,1
well_24307__stream_apportionment197,none,factor,0.2683,0.16829999999999998,0.36829999999999996,apportionment,1.0,0.0,1
well_24311__stream_apportionment198,none,factor,0.2455,0.1455,0.34550000000000003,apportionment,1.0,0.0,1
well_24317__stream_apportionment199,none,relative,0.0131,0.0,0.1131,apportionment,1.0,0.0,1
well_24323__stream_apportionment200,none,factor,0.9843,0.8843,1.0,apportionment,1.0,0.0,1
well_2544__stream_apportionment20,none,factor,0.3722,0.2722,0.47219999999999995,apportionment,1.0,0.0,1
well_2750__stream_apportionment21,none,relative,0.0482,0.0,0.1482,apportionment,1.0,0.0,1
well_2886__stream_apportionment22,none,factor,0.3251,0.2251,0.42510000000000003,apportionment,1.0,0.0,1
well_3473__stream_apportionment23,none,relative,0.0216,0.0,0.12160000000000001,apportionment,1.0,0.0,1
well_3949__stream_apportionment24,none,factor,0.6396,0.5396,0.7395999999999999,apportionment,1.0,0.0,1
well_4171__stream_apportionment25,none,factor,0.1144,0.014399999999999996,0.2144,apportionment,1.0,0.0,1
well_418__stream_apportionment0,none,factor,0.6612,0.5612,0.7612,apportionment,1.0,0.0,1
well_466__stream_apportionment1,none,factor,0.9763,0.8763,1.0,apportionment,1.0,0.0,1
well_467__stream_apportionment2,none,factor,0.9548,0.8548,1.0,apportionment,1.0,0.0,1
well_490__stream_apportionment3,none,relative,0.0116,0.0,0.1116,apportionment,1.0,0.0,1
well_509__stream_apportionment4,none,factor,0.2427,0.1427,0.3427,apportionment,1.0,0.0,1
well_58403__stream_apportionment201,none,factor,0.3183,0.21830000000000002,0.4183,apportionment,1.0,0.0,1
well_58405__stream_apportionment202,none,factor,0.788,0.6880000000000001,0.888,apportionment,1.0,0.0,1
well_58406__stream_apportionment203,none,relative,0.0123,0.0,0.11230000000000001,apportionment,1.0,0.0,1
well_58407__stream_apportionment204,none,relative,0.0233,0.0,0.1233,apportionment,1.0,0.0,1
well_58410__stream_apportionment205,none,factor,0.307,0.207,0.40700000000000003,apportionment,1.0,0.0,1
well_58411__stream_apportionment206,none,factor,0.1807,0.0807,0.2807,apportionment,1.0,0.0,1
well_58414__stream_apportionment207,none,factor,0.3258,0.22579999999999997,0.42579999999999996,apportionment,1.0,0.0,1
well_58416__stream_apportionment208,none,factor,0.3245,0.2245,0.4245,apportionment,1.0,0.0,1
well_58424__stream_apportionment209,none,relative,0.0845,0.0,0.1845,apportionment,1.0,0.0,1
well_58433__stream_apportionment210,none,factor,0.2825,0.18249999999999997,0.38249999999999995,apportionment,1.0,0.0,1
well_58434__stream_apportionment211,none,factor,0.1165,0.0165,0.21650000000000003,apportionment,1.0,0.0,1
well_602__stream_apportionment5,none,relative,0.0073,0.0,0.1073,apportionment,1.0,0.0,1
well_603__stream_apportionment6,none,relative,0.008,0.0,0.10800000000000001,apportionment,1.0,0.0,1
well_67673__stream_apportionment212,none,factor,0.1139,0.013899999999999996,0.2139,apportionment,1.0,0.0,1
well_67895__stream_apportionment213,none,relative,0.0244,0.0,0.12440000000000001,apportionment,1.0,0.0,1
well_68008__stream_apportionment214,none,factor,0.6427,0.5427000000000001,0.7427,apportionment,1.0,0.0,1
well_68216__stream_apportionment215,none,relative,0.0386,0.0,0.1386,apportionment,1.0,0.0,1
well_68218__stream_apportionment216,none,relative,0.0273,0.0,0.1273,apportionment,1.0,0.0,1
well_68219__stream_apportionment217,none,relative,0.0366,0.0,0.1366,apportionment,1.0,0.0,1
well_68220__stream_apportionment218,none,relative,0.0351,0.0,0.1351,apportionment,1.0,0.0,1
well_68221__stream_apportionment219,none,relative,0.044,0.0,0.14400000000000002,apportionment,1.0,0.0,1
well_68294__stream_apportionment220,none,relative,0.0009,0.0,0.1009,apportionment,1.0,0.0,1
well_68475__stream_apportionment221,none,factor,0.3131,0.21309999999999998,0.4131,apportionment,1.0,0.0,1
well_68529__stream_apportionment222,none,factor,0.9959,0.8959,1.0,apportionment,1.0,0.0,1
well_68693__stream_apportionment223,none,relative,0.0525,0.0,0.1525,apportionment,1.0,0.0,1
well_68695__stream_apportionment224,none,relative,0.0594,0.0,0.15940000000000001,apportionment,1.0,0.0,1
well_68872__stream_apportionment225,none,factor,0.2237,0.1237,0.3237,apportionment,1.0,0.0,1
well_68917__stream_apportionment226,none,relative,0.0615,0.0,0.1615,apportionment,1.0,0.0,1
well_68925__stream_apportionment227,none,factor,0.3117,0.21169999999999997,0.41169999999999995,apportionment,1.0,0.0,1
well_68926__stream_apportionment228,none,factor,0.2951,0.19509999999999997,0.3951,apportionment,1.0,0.0,1
well_69049__stream_apportionment229,none,factor,0.9965,0.8965000000000001,1.0,apportionment,1.0,0.0,1
well_69065__stream_apportionment230,none,factor,0.2901,0.19010000000000002,0.3901,apportionment,1.0,0.0,1
well_69282__stream_apportionment231,none,factor,0.753,0.653,0.853,apportionment,1.0,0.0,1
well_69288__stream_apportionment232,none,relative,0.0123,0.0,0.11230000000000001,apportionment,1.0,0.0,1
well_69289__stream_apportionment233,none,relative,0.0046,0.0,0.1046,apportionment,1.0,0.0,1
well_69480__stream_apportionment234,none,factor,0.1321,0.03209999999999999,0.2321,apportionment,1.0,0.0,1
well_69508__stream_apportionment235,none,relative,0.0239,0.0,0.12390000000000001,apportionment,1.0,0.0,1
well_69576__stream_apportionment236,none,relative,0.0696,0.0,0.1696,apportionment,1.0,0.0,1
well_69635__stream_apportionment237,none,relative,0.0092,0.0,0.1092,apportionment,1.0,0.0,1
well_69636__stream_apportionment238,none,relative,0.0147,0.0,0.11470000000000001,apportionment,1.0,0.0,1
well_69638__stream_apportionment239,none,relative,0.0147,0.0,0.11470000000000001,apportionment,1.0,0.0,1
well_69669__stream_apportionment240,none,relative,0.0103,0.0,0.11030000000000001,apportionment,1.0,0.0,1
well_69970__stream_apportionment241,none,factor,0.9679,0.8679,1.0,apportionment,1.0,0.0,1
well_69990__stream_apportionment242,none,relative,0.0604,0.0,0.16040000000000001,apportionment,1.0,0.0,1
well_70119__stream_apportionment243,none,factor,0.6793,0.5793,0.7793,apportionment,1.0,0.0,1
well_70120__stream_apportionment244,none,factor,0.6423,0.5423,0.7423,apportionment,1.0,0.0,1
well_70186__stream_apportionment245,none,factor,0.9598,0.8598,1.0,apportionment,1.0,0.0,1
well_70191__stream_apportionment246,none,relative,0.0369,0.0,0.13690000000000002,apportionment,1.0,0.0,1
well_70263__stream_apportionment247,none,relative,0.0101,0.0,0.1101,apportionment,1.0,0.0,1
well_70517__stream_apportionment248,none,relative,0.0326,0.0,0.1326,apportionment,1.0,0.0,1
well_70519__stream_apportionment249,none,relative,0.0327,0.0,0.1327,apportionment,1.0,0.0,1
well_70520__stream_apportionment250,none,relative,0.0329,0.0,0.13290000000000002,apportionment,1.0,0.0,1
well_70548__stream_apportionment251,none,relative,0.001,0.0,0.101,apportionment,1.0,0.0,1
well_70881__stream_apportionment252,none,factor,0.5963,0.4963000000000001,0.6963,apportionment,1.0,0.0,1
well_70961__stream_apportionment253,none,relative,0.0936,0.0,0.1936,apportionment,1.0,0.0,1
well_70974__stream_apportionment254,none,relative,0.0927,0.0,0.1927,apportionment,1.0,0.0,1
well_70975__stream_apportionment255,none,relative,0.0927,0.0,0.1927,apportionment,1.0,0.0,1
well_71044__stream_apportionment256,none,factor,0.9129,0.8129000000000001,1.0,apportionment,1.0,0.0,1
well_71062__stream_apportionment257,none,factor,0.1546,0.05459999999999998,0.2546,apportionment,1.0,0.0,1
well_71063__stream_apportionment258,none,factor,0.2058,0.1058,0.3058,apportionment,1.0,0.0,1
well_71109__stream_apportionment259,none,factor,0.9185,0.8185,1.0,apportionment,1.0,0.0,1
well_71110__stream_apportionment260,none,factor,0.8965,0.7965,0.9964999999999999,apportionment,1.0,0.0,1
well_71117__stream_apportionment261,none,relative,0.0932,0.0,0.1932,apportionment,1.0,0.0,1
well_71156__stream_apportionment262,none,relative,0.0026,0.0,0.10260000000000001,apportionment,1.0,0.0,1
well_71199__stream_apportionment263,none,factor,0.1683,0.0683,0.2683,apportionment,1.0,0.0,1
well_71495__stream_apportionment264,none,factor,0.352,0.252,0.45199999999999996,apportionment,1.0,0.0,1
well_71935__stream_apportionment265,none,factor,0.2618,0.16179999999999997,0.3618,apportionment,1.0,0.0,1
well_71998__stream_apportionment266,none,relative,0.009,0.0,0.109,apportionment,1.0,0.0,1
well_72082__stream_apportionment267,none,factor,0.196,0.096,0.29600000000000004,apportionment,1.0,0.0,1
well_72094__stream_apportionment268,none,relative,0.0258,0.0,0.1258,apportionment,1.0,0.0,1
well_72095__stream_apportionment269,none,relative,0.0242,0.0,0.1242,apportionment,1.0,0.0,1
well_72269__stream_apportionment270,none,factor,0.2027,0.10269999999999999,0.30269999999999997,apportionment,1.0,0.0,1
well_72301__stream_apportionment271,none,relative,0.0626,0.0,0.16260000000000002,apportionment,1.0,0.0,1
well_72304__stream_apportionment272,none,relative,0.0641,0.0,0.16410000000000002,apportionment,1.0,0.0,1
well_72421__stream_apportionment273,none,relative,0.0164,0.0,0.1164,apportionment,1.0,0.0,1
well_72422__stream_apportionment274,none,relative,0.0125,0.0,0.1125,apportionment,1.0,0.0,1
well_72436__stream_apportionment275,none,relative,0.0455,0.0,0.14550000000000002,apportionment,1.0,0.0,1
well_72437__stream_apportionment276,none,relative,0.0397,0.0,0.1397,apportionment,1.0,0.0,1
well_72607__stream_apportionment277,none,factor,0.2797,0.1797,0.37970000000000004,apportionment,1.0,0.0,1
well_72610__stream_apportionment278,none,factor,0.629,0.529,0.729,apportionment,1.0,0.0,1
well_72713__stream_apportionment279,none,factor,0.6071,0.5071,0.7071,apportionment,1.0,0.0,1
well_72756__stream_apportionment280,none,factor,0.4469,0.3469,0.5469,apportionment,1.0,0.0,1
well_72983__stream_apportionment281,none,factor,0.1781,0.0781,0.2781,apportionment,1.0,0.0,1
well_73153__stream_apportionment282,none,relative,0.0993,0.0,0.1993,apportionment,1.0,0.0,1
well_73262__stream_apportionment283,none,relative,0.0044,0.0,0.1044,apportionment,1.0,0.0,1
well_73280__stream_apportionment284,none,factor,0.2941,0.19409999999999997,0.3941,apportionment,1.0,0.0,1
well_73281__stream_apportionment285,none,factor,0.3058,0.2058,0.40580000000000005,apportionment,1.0,0.0,1
well_73372__stream_apportionment286,none,factor,0.1032,0.0031999999999999945,0.2032,apportionment,1.0,0.0,1
well_73440__stream_apportionment287,none,relative,0.0625,0.0,0.1625,apportionment,1.0,0.0,1
well_73481__stream_apportionment288,none,factor,0.149,0.04899999999999999,0.249,apportionment,1.0,0.0,1
well_73715__stream_apportionment289,none,factor,0.8271,0.7271,0.9270999999999999,apportionment,1.0,0.0,1
well_73737__stream_apportionment290,none,relative,0.0822,0.0,0.1822,apportionment,1.0,0.0,1
well_73761__stream_apportionment291,none,factor,0.6283,0.5283,0.7283,apportionment,1.0,0.0,1
well_73762__stream_apportionment292,none,factor,0.6836,0.5836,0.7836,apportionment,1.0,0.0,1
well_73906__stream_apportionment293,none,relative,0.0922,0.0,0.1922,apportionment,1.0,0.0,1
well_73940__stream_apportionment294,none,relative,0.0404,0.0,0.1404,apportionment,1.0,0.0,1
well_73942__stream_apportionment295,none,relative,0.0451,0.0,0.1451,apportionment,1.0,0.0,1
well_74131__stream_apportionment296,none,relative,0.002,0.0,0.10200000000000001,apportionment,1.0,0.0,1
well_74280__stream_apportionment297,none,relative,0.0444,0.0,0.1444,apportionment,1.0,0.0,1
well_798__stream_apportionment7,none,relative,0.0848,0.0,0.18480000000000002,apportionment,1.0,0.0,1
well_807__stream_apportionment8,none,factor,0.1691,0.0691,0.2691,apportionment,1.0,0.0,1
well_84404__stream_apportionment298,none,factor,0.2402,0.1402,0.3402,apportionment,1.0,0.0,1
well_84409__stream_apportionment299,none,factor,0.8706,0.7706000000000001,0.9706,apportionment,1.0,0.0,1
well_84411__stream_apportionment300,none,factor,0.8706,0.7706000000000001,0.9706,apportionment,1.0,0.0,1
well_850__stream_apportionment9,none,relative,0.0157,0.0,0.1157,apportionment,1.0,0.0,1
well_862__stream_apportionment10,none,factor,0.2424,0.1424,0.34240000000000004,apportionment,1.0,0.0,1
well_91103__stream_apportionment301,none,relative,0.0309,0.0,0.13090000000000002,apportionment,1.0,0.0,1
well_91173__stream_apportionment302,none,factor,0.109,0.008999999999999994,0.20900000000000002,apportionment,1.0,0.0,1
well_91808__stream_apportionment303,none,relative,0.005,0.0,0.10500000000000001,apportionment,1.0,0.0,1
well_91996__stream_apportionment304,none,relative,0.023,0.0,0.123,apportionment,1.0,0.0,1
well_91997__stream_apportionment305,none,relative,0.0245,0.0,0.1245,apportionment,1.0,0.0,1
well_92099__stream_apportionment306,none,relative,0.0423,0.0,0.1423,apportionment,1.0,0.0,1
well_92184__stream_apportionment307,none,relative,0.0797,0.0,0.1797,apportionment,1.0,0.0,1
well_92299__stream_apportionment308,none,relative,0.0216,0.0,0.12160000000000001,apportionment,1.0,0.0,1
well_92696__stream_apportionment309,none,relative,0.0012,0.0,0.10120000000000001,apportionment,1.0,0.0,1
well_92714__stream_apportionment310,none,relative,0.0529,0.0,0.1529,apportionment,1.0,0.0,1
well_92724__stream_apportionment311,none,relative,0.0068,0.0,0.1068,apportionment,1.0,0.0,1
well_92743__stream_apportionment312,none,relative,0.0115,0.0,0.1115,apportionment,1.0,0.0,1
well_92808__stream_apportionment313,none,relative,0.0431,0.0,0.1431,apportionment,1.0,0.0,1
well_92885__stream_apportionment314,none,factor,0.2951,0.19509999999999997,0.3951,apportionment,1.0,0.0,1
well_92981__stream_apportionment315,none,relative,0.0253,0.0,0.1253,apportionment,1.0,0.0,1
well_93142__stream_apportionment316,none,factor,0.417,0.31699999999999995,0.517,apportionment,1.0,0.0,1
well_93143__stream_apportionment317,none,factor,0.4188,0.3188,0.5188,apportionment,1.0,0.0,1
well_93349__stream_apportionment318,none,factor,0.1989,0.09889999999999999,0.2989,apportionment,1.0,0.0,1
well_93422__stream_apportionment319,none,relative,0.0072,0.0,0.1072,apportionment,1.0,0.0,1
well_93423__stream_apportionment320,none,relative,0.0071,0.0,0.1071,apportionment,1.0,0.0,1
well_93424__stream_apportionment321,none,relative,0.0079,0.0,0.10790000000000001,apportionment,1.0,0.0,1
well_93469__stream_apportionment322,none,factor,0.7911,0.6911,0.8911,apportionment,1.0,0.0,1
well_93832__stream_apportionment323,none,relative,0.0103,0.0,0.11030000000000001,apportionment,1.0,0.0,1
well_94302__stream_apportionment324,none,factor,0.8775,0.7775,0.9774999999999999,apportionment,1.0,0.0,1
well_94988__stream_apportionment325,none,relative,0.0703,0.0,0.1703,apportionment,1.0,0.0,1
well_95068__stream_apportionment326,none,factor,0.1252,0.0252,0.2252,apportionment,1.0,0.0,1
